,Exotic forest,Native forest,Intensive pasture,Semi-natural pasture
Mean,0.3000770951135409,0.14666121400433277,0.3460072653364336,0.7800594030348472
Standard error,0.09639597793515926,0.017343724952646213,0.06297608937836326,0.11984605467020772
N,12.0,44.0,24.0,16.0
