,Exotic forest - mono,Native vegetation,Pasture - intensive,Pasture - semi-natural
Mean (idg),0.02725259451310207,0.027506454701387333,0.035318592519119715,0.028525271261778444
Standard error (idg),0.003523856964045063,0.0029275678489460583,0.006138410577063208,0.0038390557866455014
N (idg),10.0,43.0,20.0,9.0
Mean (int),0.042843924301655255,0.042809660545467546,0.02331501501865974,0.03684971219223092
Standard error (int),0.01003635008064657,0.011918297358783213,0.00490020764510034,0.007318610821226743
N (int),9.0,9.0,24.0,10.0
